kp_model_type,ph_model_type,hl_model_type,pd_model_type,avg_cycle_time_s,avg_preprocess_time_s,avg_inference_time_s,avg_memory_usage_mb,avg_keypoint_confidence,avg_history_confidence,avg_combined_confidence
fp32,fp32,fp32,fp32,0.028030194852450122,0.001988284800150623,0.025324701038125442,529.2537524079623,0.8436361091376381,0.9314369736943338,0.8875365414159859
fp32,fp32,fp32,fp16,0.027872962902670037,0.0019608148156780086,0.025199723978565163,531.6139467840326,0.8436361091376381,0.9314369736943338,0.8875365414159859
fp32,fp32,fp32,fp16,0.029233725307738944,0.0020250237151368026,0.0264673553509255,531.5990976830051,0.8436361091376381,0.9314369736943338,0.8875365414159859
fp32,fp32,fp16,fp16,0.029190636048578238,0.0020002318571691645,0.02645774287720249,532.2162049175942,0.8436361091376381,0.9314369736943338,0.8875365414159859
