kp_model_type,ph_model_type,hl_model_type,avg_cycle_time_s,avg_preprocess_time_s,avg_inference_time_s,avg_memory_usage_mb,avg_keypoint_confidence,avg_history_confidence,avg_combined_confidence
fp16,fp16,fp16,0.04240591885292367,0.002889433543976039,0.03845121027672128,512.3031624571918,0.843683141450645,0.9314318210465862,0.8875574812486157
fp16,fp16,int8,0.06263438969442289,0.0025427063850507344,0.05930370827243753,494.3751772527825,0.8534301897244794,0.9391206719857805,0.89627543085513
fp16,fp16,int8,0.06391563562497701,0.0026697030622665195,0.060434074434515546,493.2437359535531,0.8534301897244794,0.9391206719857805,0.89627543085513
fp16,fp16,fp16,0.04345854831068483,0.0030268614422785094,0.03932686109248906,512.0632290774829,0.843683141450645,0.9314318210465862,0.8875574812486157
fp32,fp32,fp32,0.04397962803709997,0.0029207065905610175,0.039962225580868656,515.3649032801798,0.8436738345007659,0.9314398081333539,0.8875568213170599
