kp_model_type,ph_model_type,hl_model_type,pd_model_type,avg_cycle_time_s,avg_preprocess_time_s,avg_inference_time_s,avg_memory_usage_mb,avg_keypoint_confidence,avg_history_confidence,avg_combined_confidence,avg_temperature_c,max_temperature_c,min_temperature_c,throttling_detected
fp32,fp32,fp16,fp16,0.02892245209380372,0.001990946596615935,0.026201762565194745,531.0740247752568,0.8436361091376381,0.9314369736943338,0.8875365414159859,,,,False
fp32,fp32,fp16,fp16,0.23853761325143788,0.012035502146368157,0.2021031289884489,478.798908390411,0.8439049608883842,0.9213478448471385,0.8826264028677614,36.35042808219209,38.9,32.6,False
fp32,fp32,fp32,fp32,0.23801530775142044,0.01181903501896009,0.20192079490994755,478.74141828981163,0.8439049608883842,0.9213478448471385,0.8826264028677614,37.0587328767129,39.9,33.6,False
fp16,fp16,fp16,fp16,0.23784659333425026,0.011713880178046553,0.20186628013441008,481.5522795376712,0.8439108015598488,0.9213415471851112,0.88262617437248,37.89863013698706,40.4,34.5,False
int8,int8,int8,fp16,0.2269253046953515,0.012089000172811011,0.19060616807578362,454.1791156089469,0.8549473649364406,0.9026623742055084,0.8788048695709746,38.03030821917888,40.4,35.5,False