video,frames,detections,detection_rate,avg_fps,avg_processing_time,Clockwise,Counter Clockwise,Move,Stop
benchmark_video.mp4,1168,1104,0.9452054794520548,31.647440474132488,0.031598131950587444,15,54,578,457
benchmark_video.mp4,1168,1104,0.9452054794520548,31.98293493845399,0.03126667399112493,15,54,578,457
benchmark_video.mp4,1168,1104,0.9452054794520548,53.64491483309637,0.018641095863629695,15,54,578,457
benchmark_video.mp4,1168,1104,0.9452054794520548,53.35271032355169,0.01874319025098461,15,54,578,457
