kp_model_type,ph_model_type,hl_model_type,pd_model_type,avg_cycle_time_s,avg_preprocess_time_s,avg_inference_time_s,avg_memory_usage_mb,avg_keypoint_confidence,avg_history_confidence,avg_combined_confidence,avg_temperature_c,max_temperature_c,min_temperature_c
fp32,fp32,fp32,fp32,0.2792987983384633,0.01975777983393299,0.22714333773747972,170.2836267480023,0.8439049608883842,0.9213478448471385,0.8826264028677614,38.272203196347846,40.9,33.1
fp32,fp32,fp32,fp32,0.275387071583369,0.019697377466719988,0.2245546537175026,170.39249897438643,0.8439049608883842,0.9213478448471385,0.8826264028677614,38.307391552512236,40.9,33.6
edgetpu,edgetpu,edgetpu,fp16,0.22896843046358187,0.019668108932503824,0.17536460251024324,149.92786369149542,0.8556963387182203,0.9020292637711864,0.8788628012447034,37.5640410958911,39.9,34.0
edgetpu,edgetpu,edgetpu,fp16,0.21799548569063076,0.019954679559354916,0.1678296594314924,151.53421647581337,0.8556963387182203,0.9020292637711864,0.8788628012447034,37.35245433790012,39.4,32.6
fp16,fp16,fp16,fp16,0.2438801589621801,0.019725670621275355,0.1899498895014802,157.70019754209474,0.8467904192248032,0.9233938118770167,0.88509211555091,36.12591324200917,38.4,32.1
fp16,fp16,fp16,fp16,0.2375584101159823,0.019762173226979225,0.18681809224494517,157.343532614512,0.8467904192248032,0.9233938118770167,0.88509211555091,35.395262557077636,37.9,31.1
int8,int8,int8,fp16,0.271269981107211,0.019891333634450555,0.21822489253734345,146.02569273508848,0.8554521980932203,0.8995713056144069,0.8775117518538136,34.79249429223742,37.0,31.6
int8,int8,int8,fp16,0.2654190110425427,0.019769182828463374,0.2159730981201886,145.46899191103023,0.8554521980932203,0.8995713056144069,0.8775117518538136,34.541267123287625,37.0,29.7
